Top Competitor URLs,Domain Authority,Overlap,Rivalry
www.cargocrew.com.au,30,2%,64
www.aprons.com.au,12,1%,59
www.chefworks.com.au,20,2%,54
www.etsy.com,92,3%,53
mysliceoflife.com.au,30,1%,53
aussieoutbacksupplies.com,28,1%,53
www.hudstarduds.com,9,1%,53
www.australianplastics.com.au,6,0%,50
www.nisbets.com.au,35,2%,49
kayapparel-australia.com,11,1%,49
butcherquip.com.au,19,0%,48
www.boxesandmore.com.au,16,0%,48
www.marssafety.com.au,12,1%,48
www.aussiechef.com.au,23,1%,47
www.displaydecorations.com.au,20,0%,47
nordicedge.com.au,21,0%,45
shopsupplies.com.au,17,0%,44
www.workwearsupply.com.au,1,0%,44
www.yvpack.com.au,5,0%,44
au.earnestco.com,24,0%,43
hospitalityuniformsaustralia.com.au,16,0%,42
www.urbanbar.com.au,15,0%,42
www.ebay.com.au,90,3%,41
www.knifeshopaustralia.com.au,25,0%,41
www.totaltools.com.au,39,0%,40
